ts,o,h,l,c,oi,vix,oi_change
2026-02-09 15:15:00+05:30,25866.55,25870.55,25856.85,25863.3,15375880,12.26,
2026-02-09 15:00:00+05:30,25860.5,25875.85,25859.35,25866.3,15466880,12.2,91000.0
2026-02-09 14:45:00+05:30,25844.95,25861.3,25836.25,25858.05,15523495,12.12,56615.0
2026-02-09 14:30:00+05:30,25860.05,25861.0,25840.35,25843.8,15531295,12.06,7800.0
2026-02-09 14:15:00+05:30,25845.25,25864.4,25842.2,25858.7,15543970,12.12,12675.0
2026-02-09 14:00:00+05:30,25846.1,25853.8,25835.5,25844.4,15550665,12.07,6695.0
2026-02-09 13:45:00+05:30,25854.05,25857.3,25843.1,25845.65,15562430,12.11,11765.0
2026-02-09 13:30:00+05:30,25840.35,25856.1,25835.85,25853.3,15567240,12.02,4810.0
2026-02-09 13:15:00+05:30,25850.75,25860.0,25836.85,25838.15,15586155,12.06,18915.0
2026-02-09 13:00:00+05:30,25838.4,25860.3,25835.9,25849.95,15607735,12.03,21580.0
2026-02-09 12:45:00+05:30,25836.0,25839.8,25819.95,25837.25,15597270,12.03,-10465.0
2026-02-09 12:30:00+05:30,25850.55,25850.9,25831.55,25835.95,15608125,12.1,10855.0
2026-02-09 12:15:00+05:30,25856.6,25861.45,25848.5,25849.3,15619045,12.12,10920.0
2026-02-09 12:00:00+05:30,25834.3,25861.25,25833.9,25856.25,15621060,12.1,2015.0
2026-02-09 11:45:00+05:30,25850.45,25852.3,25830.5,25834.75,15636790,12.16,15730.0
2026-02-09 11:30:00+05:30,25858.85,25866.55,25842.0,25851.0,15652065,12.14,15275.0
2026-02-09 11:15:00+05:30,25858.15,25868.35,25851.75,25858.4,15662855,12.16,10790.0
2026-02-09 11:00:00+05:30,25865.2,25870.05,25853.45,25857.95,15691195,12.16,28340.0
2026-02-09 10:45:00+05:30,25852.8,25866.4,25844.5,25864.6,15717650,12.14,26455.0
2026-02-09 10:30:00+05:30,25812.3,25852.35,25810.1,25852.35,15745275,12.12,27625.0
2026-02-09 10:15:00+05:30,25800.1,25829.95,25794.0,25812.8,15791035,12.14,45760.0
2026-02-09 10:00:00+05:30,25814.8,25831.1,25796.15,25801.6,15919865,12.15,128830.0
2026-02-09 09:45:00+05:30,25792.9,25819.25,25790.35,25814.1,15942225,12.15,22360.0
2026-02-09 09:30:00+05:30,25822.0,25835.5,25780.9,25793.05,15943590,12.25,1365.0
2026-02-09 09:15:00+05:30,25888.7,25922.25,25793.3,25822.9,15940730,12.18,-2860.0
2026-02-06 15:15:00+05:30,25697.75,25703.95,25660.2,25673.6,16008915,12.01,68185.0
2026-02-06 15:00:00+05:30,25671.2,25703.8,25671.2,25698.5,15989155,11.92,-19760.0
2026-02-06 14:45:00+05:30,25651.8,25671.85,25633.65,25670.3,16070795,11.91,81640.0
2026-02-06 14:30:00+05:30,25611.1,25652.4,25606.5,25651.85,15883725,11.99,-187070.0
2026-02-06 14:15:00+05:30,25612.15,25630.65,25601.9,25610.9,15880735,11.93,-2990.0
2026-02-06 14:00:00+05:30,25617.4,25633.3,25607.15,25612.3,15882815,11.92,2080.0
2026-02-06 13:45:00+05:30,25578.3,25626.1,25572.05,25617.6,15908295,11.88,25480.0
2026-02-06 13:30:00+05:30,25569.4,25598.75,25549.1,25578.45,15928835,11.92,20540.0
2026-02-06 13:15:00+05:30,25562.1,25576.65,25559.7,25569.0,15935400,11.93,6565.0
2026-02-06 13:00:00+05:30,25556.15,25573.15,25540.2,25561.45,15919085,11.97,-16315.0
2026-02-06 12:45:00+05:30,25542.8,25570.35,25526.65,25556.7,15911610,11.97,-7475.0
2026-02-06 12:30:00+05:30,25573.25,25573.5,25536.7,25543.45,15868060,12.05,-43550.0
2026-02-06 12:15:00+05:30,25611.7,25614.35,25561.35,25573.75,15790255,11.96,-77805.0
2026-02-06 12:00:00+05:30,25631.35,25657.9,25588.45,25611.05,15780115,11.95,-10140.0
2026-02-06 11:45:00+05:30,25623.85,25641.8,25613.2,25632.25,15771275,12.01,-8840.0
2026-02-06 11:30:00+05:30,25588.5,25644.5,25582.95,25623.8,15766530,11.96,-4745.0
2026-02-06 11:15:00+05:30,25577.8,25598.2,25564.6,25588.55,15870985,12.0,104455.0
2026-02-06 11:00:00+05:30,25522.75,25576.4,25522.75,25576.4,15891525,12.02,20540.0
2026-02-06 10:45:00+05:30,25501.7,25524.2,25491.9,25522.5,15817815,12.09,-73710.0
2026-02-06 10:30:00+05:30,25507.1,25525.85,25496.1,25502.4,15746315,12.17,-71500.0
2026-02-06 10:15:00+05:30,25515.8,25558.8,25506.65,25506.65,15688725,12.15,-57590.0
2026-02-06 10:00:00+05:30,25552.35,25560.45,25504.6,25515.8,15678650,12.1,-10075.0
2026-02-06 09:45:00+05:30,25527.2,25570.8,25527.2,25552.35,15656420,12.19,-22230.0
2026-02-06 09:30:00+05:30,25574.6,25574.6,25522.25,25526.3,15615210,12.25,-41210.0
2026-02-06 09:15:00+05:30,25605.8,25630.8,25553.55,25574.35,15554240,12.26,-60970.0
2026-02-05 15:15:00+05:30,25647.75,25649.75,25621.55,25641.6,15783105,12.14,228865.0
2026-02-05 15:00:00+05:30,25646.05,25669.75,25630.45,25647.8,15797665,12.15,14560.0
2026-02-05 14:45:00+05:30,25624.25,25649.0,25609.05,25645.2,15838810,12.2,41145.0
2026-02-05 14:30:00+05:30,25611.8,25640.35,25606.35,25624.05,16006705,12.25,167895.0
2026-02-05 14:15:00+05:30,25597.45,25617.65,25589.9,25611.9,15990780,12.25,-15925.0
2026-02-05 14:00:00+05:30,25635.4,25642.0,25579.5,25596.95,15944305,12.32,-46475.0
2026-02-05 13:45:00+05:30,25635.8,25647.4,25621.05,25635.25,15887365,12.23,-56940.0
2026-02-05 13:30:00+05:30,25611.7,25643.5,25611.7,25635.9,16017820,12.22,130455.0
2026-02-05 13:15:00+05:30,25637.45,25657.3,25611.2,25612.3,15993315,12.29,-24505.0
2026-02-05 13:00:00+05:30,25640.1,25646.45,25629.55,25636.8,15982005,12.2,-11310.0
2026-02-05 12:45:00+05:30,25617.2,25646.55,25606.75,25640.8,15971345,12.25,-10660.0
2026-02-05 12:30:00+05:30,25620.9,25634.95,25603.75,25617.45,15944240,12.29,-27105.0
2026-02-05 12:15:00+05:30,25629.7,25630.5,25611.1,25621.55,15893215,12.31,-51025.0
2026-02-05 12:00:00+05:30,25651.35,25657.7,25627.1,25629.8,15861365,12.28,-31850.0
2026-02-05 11:45:00+05:30,25666.35,25668.3,25629.65,25651.9,15838940,12.2,-22425.0
2026-02-05 11:30:00+05:30,25652.55,25680.2,25641.75,25666.3,15815280,12.16,-23660.0
2026-02-05 11:15:00+05:30,25673.65,25676.9,25639.4,25653.05,15940080,12.21,124800.0
2026-02-05 11:00:00+05:30,25624.35,25678.25,25611.6,25673.55,15910115,12.15,-29965.0
2026-02-05 10:45:00+05:30,25642.8,25651.15,25616.0,25624.0,15875340,12.36,-34775.0
2026-02-05 10:30:00+05:30,25668.9,25670.85,25623.55,25642.65,15843685,12.3,-31655.0
2026-02-05 10:15:00+05:30,25672.5,25700.45,25657.3,25669.55,16011125,12.21,167440.0
2026-02-05 10:00:00+05:30,25637.35,25676.7,25622.55,25672.75,16007420,12.26,-3705.0
2026-02-05 09:45:00+05:30,25635.15,25647.05,25612.9,25637.65,15927535,12.43,-79885.0
2026-02-05 09:30:00+05:30,25690.7,25729.55,25633.85,25635.15,15702050,12.37,-225485.0
2026-02-05 09:15:00+05:30,25755.9,25757.65,25666.15,25690.65,15570555,12.28,-131495.0
2026-02-04 15:15:00+05:30,25783.0,25790.25,25737.5,25737.5,15880280,12.43,309725.0
2026-02-04 15:00:00+05:30,25784.8,25812.4,25780.2,25783.1,15929680,12.22,49400.0
2026-02-04 14:45:00+05:30,25809.7,25812.65,25779.85,25782.65,15957045,12.16,27365.0
2026-02-04 14:30:00+05:30,25797.75,25815.7,25793.15,25809.35,15992860,12.23,35815.0
2026-02-04 14:15:00+05:30,25789.95,25818.55,25788.35,25798.2,15981680,12.22,-11180.0
2026-02-04 14:00:00+05:30,25774.95,25791.7,25755.25,25790.9,15965040,12.16,-16640.0
2026-02-04 13:45:00+05:30,25770.2,25788.25,25761.0,25775.1,15942615,12.19,-22425.0
2026-02-04 13:30:00+05:30,25757.95,25772.7,25757.05,25771.35,15953405,12.18,10790.0
2026-02-04 13:15:00+05:30,25735.9,25759.25,25727.85,25757.25,15970500,12.16,17095.0
2026-02-04 13:00:00+05:30,25704.55,25740.95,25702.65,25736.75,15958475,12.11,-12025.0
2026-02-04 12:45:00+05:30,25738.6,25738.9,25701.25,25705.15,15939040,12.1,-19435.0
2026-02-04 12:30:00+05:30,25746.85,25762.95,25727.2,25738.7,15964520,12.11,25480.0
2026-02-04 12:15:00+05:30,25741.7,25756.3,25723.6,25748.0,15970370,12.17,5850.0
2026-02-04 12:00:00+05:30,25726.9,25742.55,25711.25,25742.55,15960750,12.2,-9620.0
2026-02-04 11:45:00+05:30,25717.05,25729.55,25695.65,25727.45,15940470,12.22,-20280.0
2026-02-04 11:30:00+05:30,25698.15,25723.9,25691.25,25717.35,15918175,12.33,-22295.0
2026-02-04 11:15:00+05:30,25724.0,25726.8,25685.95,25699.35,15917785,12.36,-390.0
2026-02-04 11:00:00+05:30,25745.9,25760.15,25714.15,25723.95,15941055,12.41,23270.0
2026-02-04 10:45:00+05:30,25739.0,25756.9,25729.6,25746.2,15956980,12.41,15925.0
2026-02-04 10:30:00+05:30,25744.15,25750.35,25709.55,25740.35,15958410,12.53,1430.0
2026-02-04 10:15:00+05:30,25782.55,25787.05,25735.95,25743.3,15969200,12.6,10790.0
2026-02-04 10:00:00+05:30,25779.55,25801.8,25771.3,25782.3,16008395,12.7,39195.0
2026-02-04 09:45:00+05:30,25788.05,25795.25,25748.1,25781.5,16038555,12.78,30160.0
2026-02-04 09:30:00+05:30,25752.65,25791.2,25728.2,25788.65,16059225,12.85,20670.0
2026-02-04 09:15:00+05:30,25675.05,25788.3,25563.95,25752.65,16041610,12.83,-17615.0
2026-02-03 15:15:00+05:30,25721.9,25749.45,25706.05,25714.8,16927235,13.04,885625.0
2026-02-03 15:00:00+05:30,25778.75,25780.45,25696.85,25717.85,16948685,12.85,21450.0
2026-02-03 14:45:00+05:30,25746.2,25790.35,25740.2,25778.05,17082910,12.94,134225.0
2026-02-03 14:30:00+05:30,25769.05,25788.1,25740.3,25746.6,17124835,13.13,41925.0
2026-02-03 14:15:00+05:30,25774.4,25781.55,25763.0,25768.9,17056000,13.18,-68835.0
2026-02-03 14:00:00+05:30,25770.85,25786.7,25755.6,25775.15,17074525,13.18,18525.0
2026-02-03 13:45:00+05:30,25802.05,25811.85,25770.15,25770.35,17146545,13.1,72020.0
2026-02-03 13:30:00+05:30,25771.7,25811.45,25729.4,25800.8,17192305,13.27,45760.0
2026-02-03 13:15:00+05:30,25791.3,25800.45,25744.0,25771.05,16922490,13.52,-269815.0
2026-02-03 13:00:00+05:30,25795.45,25811.5,25786.4,25790.3,16901170,13.65,-21320.0
2026-02-03 12:45:00+05:30,25796.45,25805.5,25780.1,25795.6,16842280,13.59,-58890.0
2026-02-03 12:30:00+05:30,25786.25,25812.1,25767.55,25796.05,16842345,13.66,65.0
2026-02-03 12:15:00+05:30,25837.35,25838.6,25780.85,25786.55,17039035,13.58,196690.0
2026-02-03 12:00:00+05:30,25849.2,25851.85,25813.15,25836.55,17038060,13.57,-975.0
2026-02-03 11:45:00+05:30,25851.2,25855.9,25826.15,25847.85,17049240,13.66,11180.0
2026-02-03 11:30:00+05:30,25815.9,25863.15,25805.75,25851.55,17083170,13.65,33930.0
2026-02-03 11:15:00+05:30,25785.15,25824.05,25773.9,25815.75,17025125,13.89,-58045.0
2026-02-03 11:00:00+05:30,25780.7,25810.5,25765.5,25784.2,17011800,14.04,-13325.0
2026-02-03 10:45:00+05:30,25798.3,25804.4,25746.7,25780.1,16960190,14.15,-51610.0
2026-02-03 10:30:00+05:30,25771.55,25821.65,25763.7,25798.3,16958890,14.5,-1300.0
2026-02-03 10:15:00+05:30,25672.35,25794.7,25672.35,25771.15,17084665,14.68,125775.0
2026-02-03 10:00:00+05:30,25703.55,25729.15,25641.3,25671.0,16983460,14.6,-101205.0
2026-02-03 09:45:00+05:30,25726.3,25793.1,25675.15,25702.6,17136535,14.49,153075.0
2026-02-03 09:30:00+05:30,25785.3,25795.25,25720.15,25727.3,17225260,14.61,88725.0
2026-02-03 09:15:00+05:30,26308.05,26341.2,25763.9,25786.25,17441905,14.92,216645.0
2026-02-02 15:15:00+05:30,25085.85,25108.1,25069.5,25079.9,18147090,13.77,705185.0
2026-02-02 15:00:00+05:30,25035.35,25093.3,25035.35,25086.45,18143515,13.89,-3575.0
2026-02-02 14:45:00+05:30,24954.85,25035.05,24952.85,25033.3,18124015,14.06,-19500.0
2026-02-02 14:30:00+05:30,24971.2,24983.4,24931.2,24955.4,18217160,14.24,93145.0
2026-02-02 14:15:00+05:30,24942.45,24974.4,24921.65,24972.15,18216315,14.31,-845.0
2026-02-02 14:00:00+05:30,24949.05,24958.75,24913.85,24943.2,18259540,14.29,43225.0
2026-02-02 13:45:00+05:30,24963.5,24984.45,24941.7,24948.6,18257265,14.35,-2275.0
2026-02-02 13:30:00+05:30,24896.25,24972.3,24870.8,24964.2,18231200,14.37,-26065.0
2026-02-02 13:15:00+05:30,24936.2,24942.95,24851.35,24895.85,18196035,14.53,-35165.0
2026-02-02 13:00:00+05:30,24938.85,24963.3,24930.3,24935.2,18206760,14.63,10725.0
2026-02-02 12:45:00+05:30,24870.5,24944.5,24865.05,24938.55,18118295,14.68,-88465.0
2026-02-02 12:30:00+05:30,24896.8,24897.65,24861.95,24870.85,18116020,14.74,-2275.0
2026-02-02 12:15:00+05:30,24910.45,24927.3,24879.45,24896.95,18392270,14.81,276250.0
2026-02-02 12:00:00+05:30,24874.6,24914.05,24852.7,24910.45,18431335,14.76,39065.0
2026-02-02 11:45:00+05:30,24868.9,24879.95,24850.5,24874.05,18428540,14.82,-2795.0
2026-02-02 11:30:00+05:30,24723.0,24869.7,24722.05,24868.4,18452590,14.81,24050.0
2026-02-02 11:15:00+05:30,24727.0,24733.9,24679.4,24724.3,18469815,15.06,17225.0
2026-02-02 11:00:00+05:30,24770.25,24772.05,24702.0,24728.45,18409365,15.19,-60450.0
2026-02-02 10:45:00+05:30,24846.5,24864.35,24769.15,24773.0,18448105,15.11,38740.0
2026-02-02 10:30:00+05:30,24826.5,24873.65,24825.65,24846.9,18768295,14.96,320190.0
2026-02-02 10:15:00+05:30,24825.5,24850.6,24799.9,24826.0,18770765,15.05,2470.0
2026-02-02 10:00:00+05:30,24862.9,24865.9,24795.7,24826.15,18781100,15.18,10335.0
2026-02-02 09:45:00+05:30,24866.55,24942.95,24850.45,24863.3,18796115,15.19,15015.0
2026-02-02 09:30:00+05:30,24853.1,24918.55,24843.85,24867.1,18759715,15.39,-36400.0
2026-02-02 09:15:00+05:30,24796.5,24884.7,24726.85,24851.35,18805410,15.41,45695.0
2026-02-01 15:15:00+05:30,24849.4,24850.55,24721.0,24768.0,19360445,15.22,555035.0
2026-02-01 15:00:00+05:30,24923.9,24954.25,24847.45,24850.15,19001775,15.05,-358670.0
2026-02-01 14:45:00+05:30,25033.7,25052.0,24912.45,24923.85,18931575,15.11,-70200.0
2026-02-01 14:30:00+05:30,25038.45,25091.55,25026.9,25035.05,18887570,14.53,-44005.0
2026-02-01 14:15:00+05:30,25012.3,25053.8,24991.3,25039.1,18927350,14.46,39780.0
2026-02-01 14:00:00+05:30,25047.1,25063.85,24983.55,25011.75,18916950,14.57,-10400.0
2026-02-01 13:45:00+05:30,25078.0,25095.3,24985.3,25048.95,18907395,14.4,-9555.0
2026-02-01 13:30:00+05:30,25065.6,25101.7,25031.1,25077.1,18994365,14.39,86970.0
2026-02-01 13:15:00+05:30,25121.15,25148.95,25066.9,25066.9,19079190,14.49,84825.0
2026-02-01 13:00:00+05:30,25074.15,25141.9,25055.75,25119.95,19143215,14.28,64025.0
2026-02-01 12:45:00+05:30,25005.4,25096.5,24949.15,25075.9,19250725,14.42,107510.0
2026-02-01 12:30:00+05:30,24903.1,25058.7,24571.75,25013.15,19246565,14.77,-4160.0
2026-02-01 12:15:00+05:30,25226.75,25244.8,24906.25,24906.45,18824065,14.92,-422500.0
2026-02-01 12:00:00+05:30,25279.6,25385.95,25203.4,25223.55,18187455,13.83,-636610.0
2026-02-01 11:45:00+05:30,25311.45,25328.9,25268.0,25279.85,18001815,14.01,-185640.0
2026-02-01 11:30:00+05:30,25385.9,25402.15,25302.0,25311.55,18020535,14.03,18720.0
2026-02-01 11:15:00+05:30,25410.1,25412.35,25356.25,25386.4,18017740,13.97,-2795.0
2026-02-01 11:00:00+05:30,25383.75,25440.9,25348.9,25411.0,18007600,14.02,-10140.0
2026-02-01 10:45:00+05:30,25370.7,25385.8,25359.7,25383.0,18054920,14.08,47320.0
2026-02-01 10:30:00+05:30,25369.3,25387.55,25354.85,25371.3,18088070,14.14,33150.0
2026-02-01 10:15:00+05:30,25350.9,25376.4,25338.6,25368.25,18086120,14.08,-1950.0
2026-02-01 10:00:00+05:30,25321.95,25352.25,25316.2,25351.0,18105620,14.01,19500.0
2026-02-01 09:45:00+05:30,25332.6,25346.85,25264.85,25321.5,18110950,14.09,5330.0
2026-02-01 09:30:00+05:30,25319.85,25335.1,25296.7,25333.35,18194995,14.1,84045.0
2026-02-01 09:15:00+05:30,25333.75,25342.55,25252.3,25320.4,18204225,14.26,9230.0
2026-01-30 15:15:00+05:30,25321.0,25343.9,25309.6,25315.8,18466110,13.63,261885.0
2026-01-30 15:00:00+05:30,25352.45,25354.2,25293.3,25319.7,18391685,13.62,-74425.0
2026-01-30 14:45:00+05:30,25310.15,25368.8,25302.2,25352.45,18345925,13.67,-45760.0
2026-01-30 14:30:00+05:30,25335.45,25350.3,25303.95,25311.6,18317325,13.68,-28600.0
2026-01-30 14:15:00+05:30,25353.5,25356.45,25326.35,25336.1,18317390,13.73,65.0
2026-01-30 14:00:00+05:30,25343.8,25370.7,25331.7,25352.45,18292170,13.73,-25220.0
2026-01-30 13:45:00+05:30,25302.05,25344.9,25284.9,25342.65,18281315,13.77,-10855.0
2026-01-30 13:30:00+05:30,25230.5,25306.5,25229.55,25301.2,18328830,13.7,47515.0
2026-01-30 13:15:00+05:30,25247.4,25247.5,25213.65,25230.5,18372835,14.05,44005.0
2026-01-30 13:00:00+05:30,25303.75,25306.15,25238.5,25247.05,18272085,13.98,-100750.0
2026-01-30 12:45:00+05:30,25293.7,25303.3,25285.2,25302.65,18261230,13.79,-10855.0
2026-01-30 12:30:00+05:30,25293.8,25309.85,25281.45,25293.55,18239910,13.87,-21320.0
2026-01-30 12:15:00+05:30,25293.65,25316.6,25270.6,25294.05,18204550,13.86,-35360.0
2026-01-30 12:00:00+05:30,25262.0,25294.85,25248.85,25294.7,18235165,13.77,30615.0
2026-01-30 11:45:00+05:30,25271.85,25294.0,25256.3,25261.4,18215535,13.93,-19630.0
2026-01-30 11:30:00+05:30,25257.55,25280.35,25232.0,25272.45,18197595,13.85,-17940.0
2026-01-30 11:15:00+05:30,25255.35,25282.85,25244.0,25258.95,18173350,13.9,-24245.0
2026-01-30 11:00:00+05:30,25302.4,25309.2,25247.1,25255.45,18129345,13.85,-44005.0
2026-01-30 10:45:00+05:30,25301.05,25312.65,25284.3,25302.05,18122390,13.71,-6955.0
2026-01-30 10:30:00+05:30,25279.95,25311.6,25273.45,25302.1,18112835,13.74,-9555.0
2026-01-30 10:15:00+05:30,25315.8,25319.65,25268.95,25279.6,18098275,13.85,-14560.0
2026-01-30 10:00:00+05:30,25283.95,25315.95,25266.45,25314.3,18063890,13.73,-34385.0
2026-01-30 09:45:00+05:30,25291.75,25323.15,25274.35,25283.4,18040815,13.83,-23075.0
2026-01-30 09:30:00+05:30,25242.5,25308.8,25218.95,25292.25,17999475,13.7,-41340.0
2026-01-30 09:15:00+05:30,25247.55,25285.95,25224.35,25242.0,17932850,13.79,-66625.0
2026-01-29 15:15:00+05:30,25407.65,25431.65,25405.1,25422.1,17888975,13.33,-43875.0
2026-01-29 15:00:00+05:30,25436.95,25445.9,25407.6,25407.6,17797195,13.41,-91780.0
2026-01-29 14:45:00+05:30,25439.7,25458.15,25429.95,25434.8,17742335,13.46,-54860.0
2026-01-29 14:30:00+05:30,25431.15,25454.7,25430.65,25440.25,17709185,13.52,-33150.0
2026-01-29 14:15:00+05:30,25413.3,25431.0,25398.65,25430.95,17762095,13.38,52910.0
2026-01-29 14:00:00+05:30,25430.05,25437.3,25383.65,25412.9,17700930,13.41,-61165.0
2026-01-29 13:45:00+05:30,25403.45,25431.9,25400.05,25430.9,17644835,13.39,-56095.0
2026-01-29 13:30:00+05:30,25337.15,25404.1,25333.45,25402.5,17646135,13.37,1300.0
2026-01-29 13:15:00+05:30,25353.45,25356.4,25328.3,25336.75,17644055,13.42,-2080.0
2026-01-29 13:00:00+05:30,25322.25,25368.15,25321.0,25353.65,17602000,13.37,-42055.0
2026-01-29 12:45:00+05:30,25282.3,25340.85,25276.45,25321.8,17638595,13.34,36595.0
2026-01-29 12:30:00+05:30,25285.85,25309.05,25281.25,25282.5,17621760,13.48,-16835.0
2026-01-29 12:15:00+05:30,25280.4,25290.15,25262.05,25284.95,17570540,13.5,-51220.0
2026-01-29 12:00:00+05:30,25259.1,25287.95,25255.65,25280.75,17597060,13.55,26520.0
2026-01-29 11:45:00+05:30,25270.2,25274.9,25240.0,25258.8,17619485,13.59,22425.0
2026-01-29 11:30:00+05:30,25277.4,25295.2,25249.0,25269.45,17630795,13.59,11310.0
2026-01-29 11:15:00+05:30,25257.95,25296.9,25257.2,25278.4,17637100,13.61,6305.0
2026-01-29 11:00:00+05:30,25234.6,25258.95,25230.1,25257.8,17715685,13.73,78585.0
2026-01-29 10:45:00+05:30,25191.05,25240.55,25183.55,25234.0,17742985,13.82,27300.0
2026-01-29 10:30:00+05:30,25194.3,25221.65,25175.65,25190.0,17751955,13.99,8970.0
2026-01-29 10:15:00+05:30,25210.35,25228.85,25167.65,25194.3,17472715,14.0,-279240.0
2026-01-29 10:00:00+05:30,25185.3,25214.35,25167.05,25211.65,17086420,13.9,-386295.0
2026-01-29 09:45:00+05:30,25209.0,25238.35,25159.8,25184.85,16959280,14.0,-127140.0
2026-01-29 09:30:00+05:30,25270.7,25282.25,25207.8,25210.7,16779490,13.81,-179790.0
2026-01-29 09:15:00+05:30,25345.0,25359.35,25248.55,25272.6,16643900,13.67,-135590.0
2026-01-28 15:15:00+05:30,25329.75,25358.4,25329.75,25348.05,16772535,13.45,128635.0
2026-01-28 15:00:00+05:30,25320.8,25344.5,25320.8,25329.65,16784300,13.56,11765.0
2026-01-28 14:45:00+05:30,25252.05,25329.05,25251.2,25320.7,16855020,13.51,70720.0
2026-01-28 14:30:00+05:30,25235.15,25253.2,25218.95,25251.55,16781895,13.65,-73125.0
2026-01-28 14:15:00+05:30,25208.65,25239.6,25201.1,25235.15,16755765,13.66,-26130.0
2026-01-28 14:00:00+05:30,25232.25,25242.8,25205.15,25209.05,16750955,13.67,-4810.0
2026-01-28 13:45:00+05:30,25207.35,25234.2,25187.65,25231.3,16724110,13.6,-26845.0
2026-01-28 13:30:00+05:30,25238.35,25251.5,25207.0,25208.35,16662490,13.88,-61620.0
2026-01-28 13:15:00+05:30,25276.6,25291.3,25213.55,25238.65,16673605,13.75,11115.0
2026-01-28 13:00:00+05:30,25258.1,25279.7,25252.05,25276.25,16656250,13.65,-17355.0
2026-01-28 12:45:00+05:30,25275.6,25281.05,25257.05,25258.1,16651700,13.72,-4550.0
2026-01-28 12:30:00+05:30,25272.0,25286.2,25258.95,25275.35,16646825,13.72,-4875.0
2026-01-28 12:15:00+05:30,25313.8,25318.05,25269.0,25271.8,16636620,13.75,-10205.0
2026-01-28 12:00:00+05:30,25320.85,25339.5,25306.95,25313.8,16646305,13.7,9685.0
2026-01-28 11:45:00+05:30,25292.8,25322.45,25290.65,25321.8,16652350,13.68,6045.0
2026-01-28 11:30:00+05:30,25337.4,25343.95,25292.3,25292.5,16670160,13.78,17810.0
2026-01-28 11:15:00+05:30,25325.35,25351.05,25313.3,25336.95,16676985,13.79,6825.0
2026-01-28 11:00:00+05:30,25299.85,25330.6,25288.85,25325.6,16705195,13.89,28210.0
2026-01-28 10:45:00+05:30,25282.2,25307.35,25267.35,25298.75,16746210,14.05,41015.0
2026-01-28 10:30:00+05:30,25246.85,25302.2,25234.05,25281.7,16726775,14.07,-19435.0
2026-01-28 10:15:00+05:30,25248.3,25281.6,25235.6,25246.5,16753425,14.17,26650.0
2026-01-28 10:00:00+05:30,25304.7,25316.4,25232.7,25248.1,16733665,14.28,-19760.0
2026-01-28 09:45:00+05:30,25292.95,25304.65,25272.7,25303.7,16770585,14.12,36920.0
2026-01-28 09:30:00+05:30,25352.1,25363.9,25286.5,25293.0,16608475,14.23,-162110.0
2026-01-28 09:15:00+05:30,25258.85,25372.1,25225.7,25352.75,16217890,14.31,-390585.0
2026-01-27 15:15:00+05:30,25169.25,25246.65,25168.05,25234.1,16363880,14.22,145990.0
2026-01-27 15:00:00+05:30,25141.2,25175.35,25100.75,25170.4,15885740,14.43,-478140.0
2026-01-27 14:45:00+05:30,25088.9,25155.3,25088.3,25139.45,15474615,14.72,-411125.0
2026-01-27 14:30:00+05:30,25032.7,25108.65,25024.45,25087.6,15393430,14.93,-81185.0
2026-01-27 14:15:00+05:30,25034.9,25039.5,25007.85,25032.65,15133040,15.12,-260390.0
2026-01-27 14:00:00+05:30,25050.85,25059.4,24998.25,25034.55,14945645,15.19,-187395.0
2026-01-27 13:45:00+05:30,25046.15,25065.9,25036.95,25049.35,14797055,15.26,-148590.0
2026-01-27 13:30:00+05:30,25122.7,25132.25,25018.0,25045.25,14653145,15.26,-143910.0
2026-01-27 13:15:00+05:30,25089.1,25123.7,25081.2,25120.9,14460680,15.16,-192465.0
2026-01-27 13:00:00+05:30,25088.95,25094.4,25065.15,25088.95,14355120,15.25,-105560.0
2026-01-27 12:45:00+05:30,25081.2,25100.4,25056.5,25088.95,14272115,15.22,-83005.0
2026-01-27 12:30:00+05:30,25102.25,25109.25,25070.55,25079.55,14177410,15.22,-94705.0
2026-01-27 12:15:00+05:30,25121.55,25138.2,25091.2,25102.1,14051895,15.08,-125515.0
2026-01-27 12:00:00+05:30,25104.0,25137.65,25092.65,25120.35,13954525,15.05,-97370.0
2026-01-27 11:45:00+05:30,25154.15,25162.05,25083.6,25103.65,13853125,15.11,-101400.0
2026-01-27 11:30:00+05:30,25057.75,25157.85,25052.55,25154.65,13715910,15.02,-137215.0
2026-01-27 11:15:00+05:30,25029.05,25066.65,25022.1,25057.7,13608595,15.32,-107315.0
2026-01-27 11:00:00+05:30,24983.85,25039.8,24980.0,25029.4,13460590,15.37,-148005.0
2026-01-27 10:45:00+05:30,25028.85,25044.75,24979.05,24983.25,13318825,15.45,-141765.0
2026-01-27 10:30:00+05:30,25117.7,25133.4,25019.7,25030.0,13079885,15.45,-238940.0
2026-01-27 10:15:00+05:30,25129.35,25184.95,25117.3,25117.7,12942280,15.18,-137605.0
2026-01-27 10:00:00+05:30,25111.0,25152.35,25083.35,25128.45,12768340,15.33,-173940.0
2026-01-27 09:45:00+05:30,25148.8,25161.85,25100.95,25108.9,12561705,15.42,-206635.0
2026-01-27 09:30:00+05:30,24958.4,25147.6,24940.2,25147.6,12457835,15.32,-103870.0
2026-01-27 09:15:00+05:30,25063.35,25126.3,24932.55,24958.55,12236705,15.8,-221130.0
2026-01-23 15:15:00+05:30,25046.5,25074.5,25025.3,25064.75,11841570,14.36,-395135.0
2026-01-23 15:00:00+05:30,25093.9,25096.0,25028.25,25045.85,11598015,14.17,-243555.0
2026-01-23 14:45:00+05:30,25089.15,25106.15,25057.3,25090.65,11391640,14.04,-206375.0
2026-01-23 14:30:00+05:30,25069.95,25107.8,25063.7,25083.65,11170965,14.08,-220675.0
2026-01-23 14:15:00+05:30,25064.05,25095.15,25041.0,25069.35,10942750,14.13,-228215.0
2026-01-23 14:00:00+05:30,25049.8,25078.05,25046.8,25063.4,10695555,14.15,-247195.0
2026-01-23 13:45:00+05:30,25049.25,25070.5,25043.85,25049.95,10574265,14.27,-121290.0
2026-01-23 13:30:00+05:30,25125.6,25125.8,25047.75,25049.55,10376600,14.21,-197665.0
2026-01-23 13:15:00+05:30,25196.65,25197.35,25120.8,25124.6,10155275,13.91,-221325.0
2026-01-23 13:00:00+05:30,25203.95,25213.3,25180.25,25196.4,9896380,13.69,-258895.0
2026-01-23 12:45:00+05:30,25223.3,25243.8,25200.9,25202.95,9738170,13.65,-158210.0
2026-01-23 12:30:00+05:30,25205.3,25236.6,25199.45,25223.05,9606675,13.53,-131495.0
2026-01-23 12:15:00+05:30,25185.95,25222.95,25185.95,25205.65,9407775,13.66,-198900.0
2026-01-23 12:00:00+05:30,25214.75,25223.3,25183.65,25185.2,9274525,13.79,-133250.0
2026-01-23 11:45:00+05:30,25211.45,25224.65,25190.95,25215.2,9123790,13.74,-150735.0
2026-01-23 11:30:00+05:30,25275.85,25279.35,25209.6,25211.6,8995545,13.62,-128245.0
2026-01-23 11:15:00+05:30,25285.3,25289.9,25254.8,25275.3,8865740,13.41,-129805.0
2026-01-23 11:00:00+05:30,25277.65,25293.6,25261.05,25284.9,8753160,13.45,-112580.0
2026-01-23 10:45:00+05:30,25293.25,25300.4,25269.7,25277.55,8646235,13.56,-106925.0
2026-01-23 10:30:00+05:30,25291.7,25320.8,25286.45,25293.35,8569470,13.45,-76765.0
2026-01-23 10:15:00+05:30,25280.55,25295.9,25251.55,25291.45,8476000,13.49,-93470.0
2026-01-23 10:00:00+05:30,25292.3,25308.65,25263.5,25281.7,8263580,13.6,-212420.0
2026-01-23 09:45:00+05:30,25287.6,25312.55,25267.7,25290.95,8147555,13.63,-116025.0
2026-01-23 09:30:00+05:30,25344.2,25345.35,25283.95,25285.7,8033155,13.67,-114400.0
2026-01-23 09:15:00+05:30,25344.6,25347.95,25249.1,25344.6,7961590,13.62,-71565.0
2026-01-22 15:15:00+05:30,25288.45,25332.35,25287.6,25320.45,7850180,13.26,-111410.0
2026-01-22 15:00:00+05:30,25295.5,25302.0,25238.8,25288.55,7690085,13.37,-160095.0
2026-01-22 14:45:00+05:30,25284.1,25318.2,25278.5,25297.0,7363980,13.45,-326105.0
2026-01-22 14:30:00+05:30,25234.2,25295.9,25233.35,25284.45,7208370,13.41,-155610.0
2026-01-22 14:15:00+05:30,25178.8,25236.7,25168.5,25234.85,7019545,13.68,-188825.0
2026-01-22 14:00:00+05:30,25228.35,25245.0,25176.95,25178.35,6384560,13.94,-634985.0
2026-01-22 13:45:00+05:30,25204.05,25241.1,25187.05,25229.15,6142110,13.89,-242450.0
2026-01-22 13:30:00+05:30,25177.85,25227.55,25169.4,25204.55,6045975,14.0,-96135.0
2026-01-22 13:15:00+05:30,25192.05,25208.3,25171.25,25179.05,5906745,14.05,-139230.0
2026-01-22 13:00:00+05:30,25208.65,25222.05,25190.45,25191.95,5662605,13.95,-244140.0
2026-01-22 12:45:00+05:30,25244.75,25262.5,25205.9,25209.9,5474690,13.94,-187915.0
2026-01-22 12:30:00+05:30,25254.6,25271.3,25210.45,25244.95,5364645,13.95,-110045.0
2026-01-22 12:15:00+05:30,25237.15,25277.5,25216.05,25255.25,5300620,14.01,-64025.0
2026-01-22 12:00:00+05:30,25188.8,25241.5,25183.3,25237.1,5239260,14.05,-61360.0
2026-01-22 11:45:00+05:30,25205.9,25226.4,25177.85,25188.2,5166460,14.31,-72800.0
2026-01-22 11:30:00+05:30,25246.85,25259.15,25197.8,25206.85,5018520,14.1,-147940.0
2026-01-22 11:15:00+05:30,25215.95,25280.55,25211.25,25247.25,4988620,13.93,-29900.0
2026-01-22 11:00:00+05:30,25221.95,25248.95,25201.9,25215.75,4960735,13.96,-27885.0
2026-01-22 10:45:00+05:30,25294.85,25298.45,25221.7,25221.7,4885335,13.81,-75400.0
2026-01-22 10:30:00+05:30,25292.9,25332.5,25245.25,25295.35,4815915,13.56,-69420.0
2026-01-22 10:15:00+05:30,25376.5,25388.55,25290.2,25291.9,4749940,13.49,-65975.0
2026-01-22 10:00:00+05:30,25395.3,25411.65,25363.3,25376.0,4702815,13.43,-47125.0
2026-01-22 09:45:00+05:30,25395.05,25435.75,25379.2,25394.55,4672395,13.51,-30420.0
2026-01-22 09:30:00+05:30,25385.2,25425.7,25385.2,25395.95,4613570,13.64,-58825.0
2026-01-22 09:15:00+05:30,25344.15,25395.75,25302.45,25386.65,4572685,13.28,-40885.0
2026-01-21 15:15:00+05:30,25155.2,25171.7,25140.55,25168.1,4566380,13.66,-6305.0
2026-01-21 15:00:00+05:30,25143.75,25182.5,25135.35,25155.0,4460885,13.8,-105495.0
2026-01-21 14:45:00+05:30,25149.0,25164.05,25137.65,25143.15,4397965,13.83,-62920.0
2026-01-21 14:30:00+05:30,25120.25,25166.4,25119.85,25150.1,4363125,13.89,-34840.0
2026-01-21 14:15:00+05:30,25137.45,25202.05,25120.0,25120.85,4320875,13.97,-42250.0
2026-01-21 14:00:00+05:30,25151.1,25160.3,25132.85,25136.7,4247945,13.79,-72930.0
2026-01-21 13:45:00+05:30,25195.15,25208.9,25148.45,25153.25,4190290,13.85,-57655.0
2026-01-21 13:30:00+05:30,25210.75,25238.25,25173.35,25195.7,4157790,13.77,-32500.0
2026-01-21 13:15:00+05:30,25237.6,25242.4,25196.05,25210.4,4075305,13.74,-82485.0
2026-01-21 13:00:00+05:30,25279.1,25300.95,25221.5,25237.45,4053595,13.64,-21710.0
2026-01-21 12:45:00+05:30,25225.9,25294.4,25225.1,25279.4,4020380,13.56,-33215.0
2026-01-21 12:30:00+05:30,25133.9,25245.85,25132.0,25226.7,3995420,13.56,-24960.0
2026-01-21 12:15:00+05:30,25135.15,25187.9,25118.5,25133.2,3979885,13.69,-15535.0
2026-01-21 12:00:00+05:30,25069.1,25136.15,25063.85,25136.15,3938870,13.6,-41015.0
2026-01-21 11:45:00+05:30,25041.0,25080.25,25040.9,25069.85,3863600,13.83,-75270.0
2026-01-21 11:30:00+05:30,25028.0,25071.2,25024.45,25040.05,3848000,13.99,-15600.0
2026-01-21 11:15:00+05:30,25055.4,25077.2,25026.6,25029.15,3809910,13.99,-38090.0
2026-01-21 11:00:00+05:30,24991.8,25070.1,24975.0,25054.75,3749980,13.87,-59930.0
2026-01-21 10:45:00+05:30,25029.1,25030.8,24919.8,24993.6,3560570,14.11,-189410.0
2026-01-21 10:30:00+05:30,25096.75,25102.5,25026.2,25029.0,3433690,13.87,-126880.0
2026-01-21 10:15:00+05:30,25153.8,25159.1,25092.2,25096.4,3334305,13.4,-99385.0
2026-01-21 10:00:00+05:30,25158.95,25178.95,25137.95,25153.25,3274765,13.23,-59540.0
2026-01-21 09:45:00+05:30,25199.65,25212.3,25158.1,25158.7,3204890,13.14,-69875.0
2026-01-21 09:30:00+05:30,25201.95,25251.3,25187.9,25199.45,3137940,13.1,-66950.0
2026-01-21 09:15:00+05:30,25141.0,25277.75,25130.15,25199.95,3030235,13.1,-107705.0
2026-01-20 15:15:00+05:30,25215.05,25239.3,25171.35,25225.35,2950415,12.71,-79820.0
2026-01-20 15:00:00+05:30,25310.3,25311.0,25213.85,25217.05,2832635,12.8,-117780.0
2026-01-20 14:45:00+05:30,25344.65,25355.25,25311.45,25311.7,2784015,12.53,-48620.0
2026-01-20 14:30:00+05:30,25390.4,25394.1,25332.95,25344.15,2756520,12.54,-27495.0
2026-01-20 14:15:00+05:30,25361.45,25392.35,25352.95,25389.45,2728830,12.39,-27690.0
2026-01-20 14:00:00+05:30,25371.75,25389.2,25347.55,25360.75,2690870,12.54,-37960.0
2026-01-20 13:45:00+05:30,25372.75,25378.65,25360.25,25369.65,2649335,12.44,-41535.0
2026-01-20 13:30:00+05:30,25418.05,25419.25,25361.45,25372.45,2616575,12.48,-32760.0
2026-01-20 13:15:00+05:30,25416.3,25436.15,25410.55,25416.75,2572505,12.4,-44070.0
2026-01-20 13:00:00+05:30,25432.55,25433.7,25414.25,25415.95,2537470,12.39,-35035.0
2026-01-20 12:45:00+05:30,25411.95,25436.9,25405.1,25431.8,2520310,12.32,-17160.0
2026-01-20 12:30:00+05:30,25433.95,25435.3,25409.0,25409.75,2497365,12.38,-22945.0
2026-01-20 12:15:00+05:30,25439.05,25444.45,25420.55,25432.95,2470520,12.28,-26845.0
2026-01-20 12:00:00+05:30,25475.8,25476.4,25427.25,25437.35,2428530,12.3,-41990.0
2026-01-20 11:45:00+05:30,25470.95,25492.5,25461.7,25474.4,2390895,12.18,-37635.0
2026-01-20 11:30:00+05:30,25464.0,25472.9,25452.55,25469.7,2360280,12.17,-30615.0
2026-01-20 11:15:00+05:30,25450.6,25472.1,25443.85,25464.05,2347735,12.23,-12545.0
2026-01-20 11:00:00+05:30,25466.95,25466.95,25446.25,25449.6,2338115,12.25,-9620.0
2026-01-20 10:45:00+05:30,25483.45,25491.85,25456.7,25466.2,2315820,12.23,-22295.0
2026-01-20 10:30:00+05:30,25483.4,25504.0,25471.7,25482.45,2309970,12.25,-5850.0
2026-01-20 10:15:00+05:30,25471.65,25500.45,25457.35,25482.6,2306720,12.25,-3250.0
2026-01-20 10:00:00+05:30,25458.7,25489.5,25452.7,25468.7,2301650,12.28,-5070.0
2026-01-20 09:45:00+05:30,25468.95,25478.05,25432.6,25457.75,2283060,12.3,-18590.0
2026-01-20 09:30:00+05:30,25488.75,25517.75,25453.85,25467.5,2244385,12.27,-38675.0
2026-01-20 09:15:00+05:30,25580.3,25585.0,25484.1,25488.35,2192710,12.11,-51675.0
2026-01-19 15:15:00+05:30,25592.25,25594.1,25545.4,25555.5,2170220,11.86,-22490.0
2026-01-19 15:00:00+05:30,25629.3,25633.7,25585.7,25591.15,2159105,11.82,-11115.0
2026-01-19 14:45:00+05:30,25614.65,25636.3,25613.25,25628.95,2157610,11.78,-1495.0
2026-01-19 14:30:00+05:30,25591.95,25621.7,25591.75,25614.9,2156310,11.8,-1300.0
2026-01-19 14:15:00+05:30,25589.65,25615.35,25586.5,25592.3,2146235,11.82,-10075.0
2026-01-19 14:00:00+05:30,25597.85,25630.65,25587.0,25590.3,2140450,11.79,-5785.0
2026-01-19 13:45:00+05:30,25548.25,25611.7,25540.8,25598.75,2144285,11.78,3835.0
2026-01-19 13:30:00+05:30,25529.45,25564.8,25529.45,25549.9,2138890,11.87,-5395.0
2026-01-19 13:15:00+05:30,25533.4,25547.35,25522.35,25529.95,2129140,11.88,-9750.0
2026-01-19 13:00:00+05:30,25553.05,25565.25,25522.65,25534.65,2124460,11.9,-4680.0
2026-01-19 12:45:00+05:30,25526.95,25555.3,25510.65,25553.25,2122705,11.93,-1755.0
2026-01-19 12:30:00+05:30,25528.1,25531.4,25511.45,25527.0,2112955,11.92,-9750.0
2026-01-19 12:15:00+05:30,25532.4,25556.25,25518.35,25528.65,2105025,11.88,-7930.0
2026-01-19 12:00:00+05:30,25535.15,25535.25,25512.75,25532.65,2103790,11.9,-1235.0
2026-01-19 11:45:00+05:30,25546.05,25549.9,25524.85,25534.45,2090595,11.86,-13195.0
2026-01-19 11:30:00+05:30,25521.8,25547.0,25511.85,25545.9,2085330,11.89,-5265.0
2026-01-19 11:15:00+05:30,25538.15,25538.4,25508.7,25521.9,2074800,11.92,-10530.0
2026-01-19 11:00:00+05:30,25546.85,25564.2,25526.5,25538.4,2067910,11.92,-6890.0
2026-01-19 10:45:00+05:30,25513.85,25549.45,25511.9,25548.1,2060760,11.91,-7150.0
2026-01-19 10:30:00+05:30,25506.4,25527.95,25494.35,25513.55,2039245,12.08,-21515.0
2026-01-19 10:15:00+05:30,25526.55,25547.6,25496.25,25507.25,2017535,12.1,-21710.0
2026-01-19 10:00:00+05:30,25541.8,25542.25,25504.85,25527.9,1998100,12.06,-19435.0
2026-01-19 09:45:00+05:30,25564.75,25585.0,25540.15,25543.45,1952665,11.97,-45435.0
2026-01-19 09:30:00+05:30,25556.35,25596.3,25532.35,25565.6,1930110,11.95,-22555.0
2026-01-19 09:15:00+05:30,25653.1,25653.3,25528.3,25554.75,1906125,12.02,-23985.0
2026-01-16 15:15:00+05:30,25682.85,25710.75,25681.6,25701.9,1866280,11.3,-39845.0
2026-01-16 15:00:00+05:30,25701.9,25709.05,25682.45,25682.45,1853995,11.4,-12285.0
2026-01-16 14:45:00+05:30,25711.05,25716.15,25687.5,25706.35,1848470,11.37,-5525.0
2026-01-16 14:30:00+05:30,25697.85,25720.45,25680.7,25710.2,1847430,11.37,-1040.0
2026-01-16 14:15:00+05:30,25687.65,25710.5,25671.7,25697.8,1843790,11.4,-3640.0
2026-01-16 14:00:00+05:30,25684.2,25697.55,25667.4,25688.05,1839890,11.45,-3900.0
2026-01-16 13:45:00+05:30,25697.15,25717.1,25676.5,25683.7,1834235,11.48,-5655.0
2026-01-16 13:30:00+05:30,25701.75,25719.75,25683.8,25696.35,1828580,11.41,-5655.0
2026-01-16 13:15:00+05:30,25717.75,25723.1,25662.4,25701.65,1821625,11.39,-6955.0
2026-01-16 13:00:00+05:30,25744.55,25746.35,25704.1,25717.05,1815775,11.37,-5850.0
2026-01-16 12:45:00+05:30,25759.5,25767.85,25738.1,25745.65,1809470,11.32,-6305.0
2026-01-16 12:30:00+05:30,25752.1,25774.6,25737.8,25759.55,1807065,11.31,-2405.0
2026-01-16 12:15:00+05:30,25823.95,25829.2,25744.9,25752.05,1799980,11.3,-7085.0
2026-01-16 12:00:00+05:30,25775.9,25826.6,25773.45,25824.65,1796015,11.26,-3965.0
2026-01-16 11:45:00+05:30,25798.65,25799.45,25770.25,25775.65,1791465,11.32,-4550.0
2026-01-16 11:30:00+05:30,25814.75,25830.65,25797.15,25798.45,1786265,11.31,-5200.0
2026-01-16 11:15:00+05:30,25812.4,25823.4,25800.95,25813.15,1782885,11.33,-3380.0
2026-01-16 11:00:00+05:30,25829.3,25841.8,25801.85,25812.5,1781520,11.34,-1365.0
2026-01-16 10:45:00+05:30,25844.8,25863.9,25827.0,25829.7,1771055,11.24,-10465.0
2026-01-16 10:30:00+05:30,25857.0,25873.5,25839.75,25844.55,1765010,11.23,-6045.0
2026-01-16 10:15:00+05:30,25784.2,25865.65,25783.9,25857.5,1768195,11.27,3185.0
2026-01-16 10:00:00+05:30,25738.2,25789.5,25736.8,25784.95,1767480,11.21,-715.0
2026-01-16 09:45:00+05:30,25726.2,25755.85,25715.2,25739.25,1760525,11.17,-6955.0
2026-01-16 09:30:00+05:30,25725.75,25727.5,25683.8,25725.75,1757860,11.21,-2665.0
2026-01-16 09:15:00+05:30,25696.05,25743.25,25678.4,25725.55,1758770,11.3,910.0
